Ref,Val,Package,PosX,PosY,Rot,Side
"C1","","C_0603_1608Metric",-62.000000,23.000000,180.000000,top
"C2","","C_0603_1608Metric",-52.000000,27.000000,180.000000,top
"C3","","C_0805_2012Metric",-62.000000,25.000000,180.000000,top
"C4","","C_0805_2012Metric",-51.950000,29.000000,0.000000,top
"C5","","C_0603_1608Metric",-40.000000,-3.000000,180.000000,top
"C6","","C_0805_2012Metric",-40.000000,9.000000,180.000000,top
"C7","","C_1206_3216Metric",-36.000000,26.000000,-90.000000,top
"C8","","C_1206_3216Metric",-36.000000,21.000000,-90.000000,top
"C9","","C_1206_3216Metric",-36.000000,16.000000,-90.000000,top
"C10","","C_0805_2012Metric",-16.000000,26.000000,90.000000,top
"C11","","C_0805_2012Metric",-13.000000,26.000000,90.000000,top
"C12","","C_0805_2012Metric",-16.000000,21.000000,90.000000,top
"C13","","C_0805_2012Metric",-13.000000,21.000000,90.000000,top
"C14","","C_0805_2012Metric",-16.000000,16.000000,90.000000,top
"C15","","C_0603_1608Metric",-45.000000,14.000000,180.000000,top
"C16","","C_0603_1608Metric",-41.000000,14.000000,180.000000,top
"C17","","C_0603_1608Metric",-45.000000,28.000000,180.000000,top
"C18","","C_0603_1608Metric",-41.000000,28.000000,180.000000,top
"C19","","C_0603_1608Metric",2.000000,19.000000,0.000000,top
"C20","","C_1206_3216Metric",6.000000,19.000000,180.000000,top
"C21","","C_0603_1608Metric",16.000000,19.000000,180.000000,top
"C22","","C_0603_1608Metric",11.000000,31.000000,180.000000,top
"C23","","C_0603_1608Metric",-3.000000,31.000000,180.000000,top
"C24","","C_0603_1608Metric",-3.000000,19.000000,180.000000,top
"C25","","C_0603_1608Metric",-3.000000,25.000000,180.000000,top
"C26","","C_0603_1608Metric",6.000000,25.000000,180.000000,top
"C27","","C_0603_1608Metric",16.000000,25.000000,180.000000,top
"C28","","C_0603_1608Metric",11.000000,23.000000,180.000000,top
"C29","","C_0603_1608Metric",-13.000000,7.000000,0.000000,top
"C30","","C_0603_1608Metric",-13.000000,5.000000,180.000000,top
"C31","","C_0603_1608Metric",-17.000000,11.000000,0.000000,top
"C32","","C_0603_1608Metric",-17.000000,1.000000,180.000000,top
"C33","","C_0603_1608Metric",-49.000000,8.000000,90.000000,top
"C34","","C_0805_2012Metric",-49.000000,3.000000,-90.000000,top
"C35","","C_1206_3216Metric",18.000000,-6.000000,180.000000,top
"C36","","C_0603_1608Metric",13.000000,-6.000000,0.000000,top
"C37","","C_0603_1608Metric",13.000000,-4.000000,0.000000,top
"C38","","C_0603_1608Metric",-59.000000,-8.000000,180.000000,top
"C39","","C_0603_1608Metric",-59.000000,-6.000000,180.000000,top
"C40","","C_0805_2012Metric",-33.000000,-9.000000,0.000000,top
"C41","","C_0603_1608Metric",-59.000000,-12.000000,180.000000,top
"C42","","C_0603_1608Metric",-59.000000,-10.000000,180.000000,top
"C43","","C_0805_2012Metric",-33.000000,-7.000000,0.000000,top
"C44","","C_0603_1608Metric",-54.000000,14.000000,0.000000,top
"C45","","C_0603_1608Metric",-54.000000,16.000000,0.000000,top
"C46","","C_0603_1608Metric",-54.000000,18.000000,0.000000,top
"C47","","C_0603_1608Metric",-54.000000,20.000000,0.000000,top
"C48","","C_0603_1608Metric",55.000000,15.000000,180.000000,top
"C49","","C_0603_1608Metric",-26.000000,-5.000000,180.000000,top
"C50","","C_0603_1608Metric",36.000000,10.000000,180.000000,top
"C51","","C_0603_1608Metric",14.000000,10.000000,180.000000,top
"C52","","C_0805_2012Metric",18.000000,10.000000,0.000000,top
"C53","","C_0603_1608Metric",22.000000,11.000000,180.000000,top
"C54","","C_0603_1608Metric",22.000000,13.000000,180.000000,top
"C55","","C_0603_1608Metric",30.000000,11.000000,0.000000,top
"C56","","C_0603_1608Metric",30.000000,13.000000,0.000000,top
"C57","","C_0805_2012Metric",22.000000,1.000000,180.000000,top
"C58","","C_0805_2012Metric",27.000000,31.000000,180.000000,top
"C59","","C_0805_2012Metric",27.000000,21.000000,180.000000,top
"D1","5?A@27V 50? Single 34.2V~37.9V 1W 36V SMAF Zener Diodes ROHS","D_SMA",-22.000000,31.000000,0.000000,top
"D2","20?A@1V 100? Single 2.5V~2.9V 200mW 2.7V SOD-323 Zener Diodes ROHS","D_SOD-323",31.000000,21.000000,180.000000,top
"D3","30V 370mV@1mA 30mA SOD-323 Schottky Barrier Diodes (SBD) ROHS","D_SOD-323",2.000000,15.000000,180.000000,top
"D4","30V 370mV@1mA 30mA SOD-323 Schottky Barrier Diodes (SBD) ROHS","D_SOD-323",2.000000,21.000000,0.000000,top
"D5","500nA@6V 15? Single 8.5V~9.6V 200mW 9.1V SOD-323 Zener Diodes ROHS","D_SOD-323",47.000000,31.000000,180.000000,top
"D6","500nA@6V 15? Single 8.5V~9.6V 200mW 9.1V SOD-323 Zener Diodes ROHS","D_SOD-323",51.000000,31.000000,0.000000,top
"D7","20?A@1V 100? Single 2.5V~2.9V 200mW 2.7V SOD-323 Zener Diodes ROHS","D_SOD-323",36.000000,31.000000,0.000000,top
"D8","20?A@1V 100? Single 2.5V~2.9V 200mW 2.7V SOD-323 Zener Diodes ROHS","D_SOD-323",22.000000,31.000000,180.000000,top
"D9","30V 370mV@1mA 30mA SOD-323 Schottky Barrier Diodes (SBD) ROHS","D_SOD-323",-13.000000,9.000000,0.000000,top
"D10","30V 370mV@1mA 30mA SOD-323 Schottky Barrier Diodes (SBD) ROHS","D_SOD-323",-17.000000,9.000000,0.000000,top
"D11","30V 370mV@1mA 30mA SOD-323 Schottky Barrier Diodes (SBD) ROHS","D_SOD-323",-13.000000,3.000000,180.000000,top
"D12","30V 370mV@1mA 30mA SOD-323 Schottky Barrier Diodes (SBD) ROHS","D_SOD-323",-17.000000,3.000000,180.000000,top
"D13","30V 370mV@1mA 30mA SOD-323 Schottky Barrier Diodes (SBD) ROHS","D_SOD-323",-17.000000,7.000000,0.000000,top
"D14","30V 370mV@1mA 30mA SOD-323 Schottky Barrier Diodes (SBD) ROHS","D_SOD-323",-17.000000,5.000000,180.000000,top
"D15","5?A@1V 90? Single 3.53V~3.67V 200mW 3.6V SOD-323 Zener Diodes ROHS","D_SOD-323",22.000000,-4.000000,0.000000,top
"D16","Red 615~630nm 1.9~2.2V 0603 Light Emitting Diodes (LED) RoHS","LED_0603_1608Metric",-22.000000,-5.000000,0.000000,top
"D17","EAST1616RGBB2","LED_LiteOn_LTST-C19HE1WT",63.000000,-6.000000,90.000000,top
"J1","COM-15111","USB_C_Receptacle_XKB_U262-16XN-4BVC11",-61.214500,6.000000,-90.000000,top
"J3","AFC01-S30FCA-00","Hirose_FH12-30S-0.5SH_1x30-1MP_P0.50mm_Horizontal",-46.000000,-8.000000,0.000000,top
"J4","CT3151-*","CalTest_CT3151",65.080000,21.460000,180.000000,top
"J5","CT3151-*","CalTest_CT3151",65.000000,5.460000,180.000000,top
"L1","","L_Sunlord_SWPA5040S",-57.000000,29.000000,0.000000,top
"L2","","L_TDK_SLF12575",-26.000000,6.000000,0.000000,top
"Q1","40V 18A 3.1W 7.5m?@10V,10A 2V@250?A N Channel SOP-8 MOSFETs ROHS","SOIC-8_3.9x4.9mm_P1.27mm",-30.000000,18.000000,0.000000,top
"Q2","40V 18A 3.1W 7.5m?@10V,10A 2V@250?A N Channel SOP-8 MOSFETs ROHS","SOIC-8_3.9x4.9mm_P1.27mm",-30.000000,24.000000,180.000000,top
"Q3","40V 18A 3.1W 7.5m?@10V,10A 2V@250?A N Channel SOP-8 MOSFETs ROHS","SOIC-8_3.9x4.9mm_P1.27mm",-22.000000,24.000000,180.000000,top
"Q4","40V 18A 3.1W 7.5m?@10V,10A 2V@250?A N Channel SOP-8 MOSFETs ROHS","SOIC-8_3.9x4.9mm_P1.27mm",-22.000000,18.000000,0.000000,top
"Q5","SQD50N10-8M9L_GE3","TO-252-2",46.000000,25.000000,180.000000,top
"Q6","SQD50P06-15L_GE3","TO-252-2",46.000000,17.000000,180.000000,top
"R1","","R_0603_1608Metric",-52.000000,25.000000,180.000000,top
"R2","","R_0603_1608Metric",-52.000000,23.000000,0.000000,top
"R3","","R_0603_1608Metric",-62.000000,27.000000,0.000000,top
"R4","","R_0603_1608Metric",-30.000000,14.000000,180.000000,top
"R5","","R_0603_1608Metric",-30.000000,28.000000,0.000000,top
"R6","","R_0603_1608Metric",-22.000000,28.000000,0.000000,top
"R7","","R_0603_1608Metric",-22.000000,14.000000,180.000000,top
"R8","","R_0603_1608Metric",11.000000,17.000000,0.000000,top
"R9","","R_0603_1608Metric",11.000000,15.000000,180.000000,top
"R10","","R_0603_1608Metric",36.000000,19.000000,180.000000,top
"R11","","R_0603_1608Metric",36.000000,15.000000,180.000000,top
"R12","","R_0603_1608Metric",36.000000,21.000000,0.000000,top
"R13","","R_0603_1608Metric",36.000000,17.000000,180.000000,top
"R14","","R_0603_1608Metric",6.000000,29.000000,0.000000,top
"R15","","R_0603_1608Metric",6.000000,27.000000,0.000000,top
"R16","","R_0603_1608Metric",16.000000,27.000000,0.000000,top
"R17","","R_0603_1608Metric",-8.000000,29.000000,0.000000,top
"R18","","R_0603_1608Metric",-8.000000,27.000000,0.000000,top
"R19","","R_0603_1608Metric",2.000000,27.000000,180.000000,top
"R20","","R_0603_1608Metric",-8.000000,17.000000,0.000000,top
"R21","","R_0603_1608Metric",-8.000000,15.000000,0.000000,top
"R22","","R_0603_1608Metric",2.000000,17.000000,180.000000,top
"R23","","R_0603_1608Metric",-8.000000,23.000000,0.000000,top
"R24","","R_0603_1608Metric",-8.000000,21.000000,0.000000,top
"R25","","R_0603_1608Metric",2.000000,23.000000,180.000000,top
"R26","","R_0603_1608Metric",11.000000,21.000000,0.000000,top
"R27","","R_0603_1608Metric",22.000000,17.000000,0.000000,top
"R28","","R_0603_1608Metric",22.000000,15.000000,180.000000,top
"R29","","R_0603_1608Metric",43.000000,31.000000,180.000000,top
"R30","","R_0603_1608Metric",40.000000,10.000000,180.000000,top
"R31","","R_2512_6332Metric",55.000000,8.000000,-90.000000,top
"R32","","R_0603_1608Metric",36.000000,27.000000,180.000000,top
"R33","","R_0603_1608Metric",36.000000,25.000000,180.000000,top
"R34","","R_0603_1608Metric",36.000000,29.000000,0.000000,top
"R35","","R_0603_1608Metric",36.000000,23.000000,180.000000,top
"R36","","R_0603_1608Metric",22.000000,27.000000,0.000000,top
"R37","","R_0603_1608Metric",22.000000,25.000000,0.000000,top
"R38","","R_0603_1608Metric",22.000000,29.000000,180.000000,top
"R39","","R_0603_1608Metric",22.000000,23.000000,0.000000,top
"R40","","R_0603_1608Metric",18.000000,-4.000000,180.000000,top
"R41","","R_0603_1608Metric",-22.000000,-3.000000,0.000000,top
"R42","","R_0603_1608Metric",-33.000000,-5.000000,0.000000,top
"R43","","R_0603_1608Metric",-33.000000,-3.000000,0.000000,top
"R44","","R_0603_1608Metric",63.000000,-2.000000,180.000000,top
"R45","","R_0603_1608Metric",63.000000,0.000000,180.000000,top
"R46","","R_0603_1608Metric",63.000000,-4.000000,0.000000,top
"R47","","R_0603_1608Metric",-33.000000,-11.000000,0.000000,top
"R48","","R_0603_1608Metric",-62.000000,14.000000,0.000000,top
"R49","","R_0603_1608Metric",-58.000000,14.000000,0.000000,top
"R50","","R_0603_1608Metric",-62.000000,16.000000,0.000000,top
"R51","","R_0603_1608Metric",-58.000000,16.000000,0.000000,top
"R52","","R_0603_1608Metric",-62.000000,18.000000,0.000000,top
"R53","","R_0603_1608Metric",-58.000000,18.000000,0.000000,top
"R54","","R_0603_1608Metric",-62.000000,20.000000,0.000000,top
"R55","","R_0603_1608Metric",-58.000000,20.000000,0.000000,top
"R56","","R_0603_1608Metric",-12.000000,17.000000,0.000000,top
"R57","","R_0603_1608Metric",-12.000000,15.000000,180.000000,top
"R58","","R_0603_1608Metric",26.000000,13.000000,180.000000,top
"R59","","R_0603_1608Metric",26.000000,11.000000,0.000000,top
"SW1","PEC11S-929K-S0015","RotaryEncoder_Bourns_PEC11S",48.000000,-6.000000,180.000000,top
"SW2","SKRHABE010","DirectionSwitch_Alps_SKRH",30.000000,-6.000000,-45.000000,top
"TP1","vusb","TestPoint_TE_RCT_0805",-54.000000,12.000000,0.000000,top
"TP2","gnd","TestPoint_TE_RCT_0805",-54.000000,0.000000,0.000000,top
"TP3","v6","TestPoint_TE_RCT_0805",-48.000000,31.000000,0.000000,top
"TP4","v3v3","TestPoint_TE_RCT_0805",-15.000000,31.000000,0.000000,top
"TP5","vconv","TestPoint_TE_RCT_0805",-30.000000,31.000000,0.000000,top
"TP6","vanalog","TestPoint_TE_RCT_0805",16.000000,31.000000,0.000000,top
"TP7","vb-","TestPoint_TE_RCT_0805",-13.000000,1.000000,0.000000,top
"TP8","vb+","TestPoint_TE_RCT_0805",-13.000000,11.000000,0.000000,top
"TP9","i2c.scl","TestPoint_TE_RCT_0805",-46.000000,7.000000,0.000000,top
"TP10","i2c.sda","TestPoint_TE_RCT_0805",-46.000000,9.000000,0.000000,top
"TP11","bul","TestPoint_TE_RCT_0805",-50.000000,14.000000,0.000000,top
"TP12","buh","TestPoint_TE_RCT_0805",-50.000000,16.000000,0.000000,top
"TP13","bol","TestPoint_TE_RCT_0805",-50.000000,18.000000,0.000000,top
"TP14","boh","TestPoint_TE_RCT_0805",-50.000000,20.000000,0.000000,top
"U1","TPS54202H","SOT-23-6",-57.000000,24.000000,0.000000,top
"U2","LDL1117S33R","SOT-223-3_TabPin2",-40.000000,3.000000,90.000000,top
"U3","UCC27282DR","SOIC-8_3.9x4.9mm_P1.27mm",-43.000000,18.000000,180.000000,top
"U4","UCC27282DR","SOIC-8_3.9x4.9mm_P1.27mm",-43.000000,24.000000,180.000000,top
"U5","AP2210K-3.3","SOT-23-5",6.000000,16.000000,0.000000,top
"U6","TLV9061S","SOT-23-6",16.000000,16.000000,0.000000,top
"U7","TLV9061S","SOT-23-6",11.000000,28.000000,0.000000,top
"U8","TLV9061S","SOT-23-6",-3.000000,28.000000,0.000000,top
"U9","TLV9061S","SOT-23-6",-3.000000,16.000000,0.000000,top
"U10","TLV9061S","SOT-23-6",-3.000000,22.000000,0.000000,top
"U11","NLAS4157","SOT-363_SC-70-6",6.000000,22.000000,0.000000,top
"U12","TLV9061S","SOT-23-6",16.000000,22.000000,0.000000,top
"U13","TLP3545A(TP1,F","SMDIP-6_W7.62mm",47.000000,8.000000,0.000000,top
"U14","FUSB302B11MPX","WQFN-14-1EP_2.5x2.5mm_P0.5mm_EP1.45x1.45mm",-53.000000,8.000000,90.000000,top
"U15","ESP32-S3-WROOM-1-N16R8","ESP32-S3-WROOM-1",0.000000,-2.000000,180.000000,top
"U16","PESD5V0X1BT","SOT-23",-53.000000,3.000000,0.000000,top
"U18","TMP1075N","SOT-563",55.000000,17.000000,0.000000,top
"U19","TMP1075N","SOT-563",-26.000000,-3.000000,0.000000,top
"U20","PCA9554APW,118","TSSOP-16_4.4x5mm_P0.65mm",36.000000,6.000000,0.000000,top
"U21","MCP4728-E/UN","MSOP-10_3x3mm_P0.5mm",16.000000,6.000000,0.000000,top
"U22","MCP3561R-*/ST","TSSOP-20_4.4x6.5mm_P0.65mm",26.000000,6.000000,0.000000,top
"U23","OPA2197IDR","SOIC-8_3.9x4.9mm_P1.27mm",29.000000,27.000000,0.000000,top
"U24","OPA2197IDR","SOIC-8_3.9x4.9mm_P1.27mm",29.000000,17.000000,0.000000,top
